main_mode,user
car,0.3114662795761375
pt,0.2730115678797592
ride,0.1377769897765719
walk,0.3812113445425378
bike,0.22968769172366532
