main_mode,user
walk,0.34795408095941294
car,0.3507092997070994
ride,0.16356884852805617
bike,0.26412581692795317
pt,0.2773855049775048
